Num,y
348622,1497.0
348623,27033.0
348624,297560.0
348625,29471.0
348626,16.0
348627,146242.0
348628,67735.0
348629,111941.0
348630,102631.0
348631,3542.0
348632,1851.0
348633,54997.0
348634,278979.0
348635,21963.0
348636,1948.0
348637,178790.0
348638,121619.0
348639,509841.0
348640,510745.0
348641,2336.0
348642,113226.0
348643,83468.0
348644,1215.0
348645,24232.0
348646,10949.0
348647,150512.0
348648,7489.0
348649,18666.0
348650,5530.0
348651,23602.0
348652,17177.0
348653,279966.0
348654,7397.0
348655,21960.0
348656,10440.0
348657,2471.0
348658,44817.0
348659,1400.0
348660,161.0
348661,16838.0
348662,7059.0
348663,18498.0
348664,1161552.0
348665,79909.0
348666,343100.0
348667,873416.0
348668,96036.0
348669,27109.0
348670,25985.0
348671,96.0
348672,48018.0
348673,88.0
348674,257.0
348675,2758978.0
348676,387272.0
348677,6568.0
348678,46158.0
348679,345449.0
348680,14377.0
348681,708.0
348682,36443.0
348683,1948.0
348684,1577.0
348685,21311.0
348686,185885.0
348687,6143.0
348688,143967.0
348689,25539.0
348690,6828.0
348691,198735.0
348692,14015.0
348693,194328.0
348694,138427.0
348695,118705.0
348696,132699.0
348697,98106.0
348698,1207.0
348699,15567.0
348700,11833.0
348701,87868.0
348702,9112.0
348703,56841.0
348704,73899.0
348705,151731.0
348706,118882.0
348707,27419.0
348708,8541.0
348709,60777.0
348710,95081.0
348711,38152.0
348712,5530.0
348713,92864.0
348714,100238.0
348715,184839.0
348716,10714.0
348717,193.0
348718,4058.0
348719,6528.0
348720,13443.0
348721,103711.0
348722,3133.0
348723,474.0
348724,18906.0
348725,6238.0
348726,4475.0
348727,79941.0
348728,296473.0
348729,32029.0
348730,1267808.0
348731,336103.0
348732,31444.0
348733,166586.0
348734,837.0
348735,2492067.0
348736,42705.0
348737,21871.0
348738,707973.0
348739,547057.0
348740,598213.0
348741,1047900.0
348742,113257.0
348743,117047.0
348744,2368.0
348745,6177.0
348746,128.0
348747,13942.0
348748,95896.0
348749,5102.0
348750,28802.0
348751,435765.0
348752,107766.0
348753,579352.0
348754,271600.0
348755,95376.0
348756,63958.0
348757,692.0
348758,14610.0
348759,265659.0
348760,729104.0
348761,322861.0
348762,15047.0
348763,25495.0
348764,128.0
348765,8380.0
348766,133704.0
348767,1320.0
348768,144.0
348769,77990.0
348770,12120.0
348771,4016.0
348772,1331.0
348773,168890.0
348774,883592.0
348775,4266.0
348776,30789.0
348777,193.0
348778,15488.0
348779,93611.0
348780,186893.0
348781,124966.0
348782,289550.0
348783,400939.0
348784,13891.0
348785,6968.0
348786,17967.0
348787,2055.0
348788,3083.0
348789,67217.0
348790,13652.0
348791,645653.0
348792,467450.0
348793,225.0
348794,257.0
348795,32.0
348796,1064.0
348797,1027.0
348798,80379.0
348799,11278.0
348800,1193.0
348801,4097.0
348802,1653.0
348803,465.0
348804,1682.0
348805,2439.0
348806,835124.0
348807,27864.0
348808,1225068.0
348809,365276.0
348810,27651.0
348811,12512.0
348812,1585.0
348813,24860.0
348814,49000.0
348815,86960.0
348816,203516.0
348817,79332.0
348818,8.0
348819,305840.0
348820,16349.0
348821,273.0
348822,48.0
348823,19344.0
348824,193.0
348825,257.0
348826,442.0
348827,48.0
348828,119160.0
348829,720534.0
348830,291620.0
348831,594331.0
348832,26365.0
348833,1432.0
348834,30974.0
348835,134829.0
348836,525252.0
348837,96.0
348838,225.0
348839,225.0
348840,4562.0
348841,50465.0
348842,17278.0
348843,313.0
348844,6409.0
348845,171967.0
348846,472853.0
348847,19733.0
349519,1497.0
349520,27033.0
349521,297560.0
349522,29471.0
349523,16.0
349524,146242.0
349525,67735.0
349526,111941.0
349527,102631.0
349528,3542.0
349529,1851.0
349530,54997.0
349531,278979.0
349532,21963.0
349533,1948.0
349534,178790.0
349535,121619.0
349536,509841.0
349537,510745.0
349538,2336.0
349539,113226.0
349540,83468.0
349541,1215.0
349542,24232.0
349543,10949.0
349544,150512.0
349545,7489.0
349546,18666.0
349547,5530.0
349548,23602.0
349549,17177.0
349550,279966.0
349551,7397.0
349552,21960.0
349553,10440.0
349554,2471.0
349555,44817.0
349556,1400.0
349557,161.0
349558,16838.0
349559,7059.0
349560,18498.0
349561,1161552.0
349562,79909.0
349563,343100.0
349564,873416.0
349565,96036.0
349566,27109.0
349567,25985.0
349568,96.0
349569,48018.0
349570,88.0
349571,257.0
349572,2758978.0
349573,387272.0
349574,6568.0
349575,46158.0
349576,345449.0
349577,14377.0
349578,708.0
349579,36443.0
349580,1948.0
349581,1577.0
349582,21311.0
349583,185885.0
349584,6143.0
349585,143967.0
349586,25539.0
349587,6828.0
349588,198735.0
349589,14015.0
349590,194328.0
349591,138427.0
349592,118705.0
349593,132699.0
349594,98106.0
349595,1207.0
349596,15567.0
349597,11833.0
349598,87868.0
349599,9112.0
349600,56841.0
349601,73899.0
349602,151731.0
349603,118882.0
349604,27419.0
349605,8541.0
349606,60777.0
349607,95081.0
349608,38152.0
349609,5530.0
349610,92864.0
349611,100238.0
349612,184839.0
349613,10714.0
349614,193.0
349615,4058.0
349616,6528.0
349617,13443.0
349618,103711.0
349619,3133.0
349620,474.0
349621,18906.0
349622,6238.0
349623,4475.0
349624,79941.0
349625,296473.0
349626,32029.0
349627,1267808.0
349628,336103.0
349629,31444.0
349630,166586.0
349631,837.0
349632,2492067.0
349633,42705.0
349634,21871.0
349635,707973.0
349636,547057.0
349637,598213.0
349638,1047900.0
349639,113257.0
349640,117047.0
349641,2368.0
349642,6177.0
349643,128.0
349644,13942.0
349645,95896.0
349646,5102.0
349647,28802.0
349648,435765.0
349649,107766.0
349650,579352.0
349651,271600.0
349652,95376.0
349653,63958.0
349654,692.0
349655,14610.0
349656,265659.0
349657,729104.0
349658,322861.0
349659,15047.0
349660,25495.0
349661,128.0
349662,8380.0
349663,133704.0
349664,1320.0
349665,144.0
349666,77990.0
349667,12120.0
349668,4016.0
349669,1331.0
349670,168890.0
349671,883592.0
349672,4266.0
349673,30789.0
349674,193.0
349675,15488.0
349676,93611.0
349677,186893.0
349678,124966.0
349679,289550.0
349680,400939.0
349681,13891.0
349682,6968.0
349683,17967.0
349684,2055.0
349685,3083.0
349686,67217.0
349687,13652.0
349688,645653.0
349689,467450.0
349690,225.0
349691,257.0
349692,32.0
349693,1064.0
349694,1027.0
349695,80379.0
349696,11278.0
349697,1193.0
349698,4097.0
349699,1653.0
349700,465.0
349701,1682.0
349702,2439.0
349703,835124.0
349704,27864.0
349705,1225068.0
349706,365276.0
349707,27651.0
349708,12512.0
349709,1585.0
349710,24860.0
349711,49000.0
349712,86960.0
349713,203516.0
349714,79332.0
349715,8.0
349716,305840.0
349717,16349.0
349718,273.0
349719,48.0
349720,19344.0
349721,193.0
349722,257.0
349723,442.0
349724,48.0
349725,119160.0
349726,720534.0
349727,291620.0
349728,594331.0
349729,26365.0
349730,1432.0
349731,30974.0
349732,134829.0
349733,525252.0
349734,96.0
349735,225.0
349736,225.0
349737,4562.0
349738,50465.0
349739,17278.0
349740,313.0
349741,6409.0
349742,171967.0
349743,472853.0
349744,19733.0
349745,33479.0
349746,400194.0
349747,36997.0
349748,24.48
349749,173725.0
349750,84430.0
349751,222935.0
349752,229144.0
349753,2720.0
349754,1964.0
349755,62340.0
349756,368400.0
349757,26798.0
349758,1451231.0
349759,1771.0
349760,1899.0
349761,243634.0
349762,138051.0
349763,585676.0
349764,641588.0
349765,2237.0
349766,125671.0
349767,113294.0
349768,1239.0
349769,45303.0
349770,11984.0
349771,178175.0
349772,12456.0
349773,37118.0
349774,18846.0
349775,25961.0
349776,23390.0
349777,343195.0
349778,9426.0
349779,29672.0
349780,14200.0
349781,2189.0
349782,55140.0
349783,1030.0
349784,96.0
349785,15452.0
349786,5068.0
349787,8106.0
349788,5232.0
349789,94420.0
349790,378124.0
349791,1339059.0
349792,98950.0
349793,44648.0
349794,28505.0
349795,112.0
349796,62041.0
349797,161.0
349798,144.0
349799,3626172.0
349800,478979.0
349801,26312.0
349802,241928.0
349803,450610.0
349804,20358.0
349805,917.0
349806,43518.0
349807,4685.0
349808,2173.0
349809,22467.0
349810,218080.0
349811,7180.0
349812,188320.0
349813,44606.0
349814,9660.0
349815,216849.0
349816,1676.0
349817,80396.0
349818,177566.0
349819,162964.0
349820,184122.0
349821,2297.0
349822,20345.0
349823,15241.0
349824,148216.0
349825,6745.0
349826,91823.0
349827,195458.0
349828,143405.0
349829,64522.0
349830,18249.0
349831,122118.0
349832,9856.0
349833,66267.0
349834,141784.0
349835,66488.0
349836,5886.0
349837,127890.0
349838,145025.0
349839,216279.0
349840,14712.0
349841,96.0
349842,4245.0
349843,8721.0
349844,18919.0
349845,50230.0
349846,3514.0
349847,402.0
349848,20395.0
349849,7740.0
349850,5522.0
349851,104902.0
349852,344127.0
349853,38517.0
349854,1560215.0
349855,447272.0
349856,58560.0
349857,201436.0
349858,3125253.0
349859,102452.0
349860,70799.0
349861,924513.0
349862,683255.0
349863,733952.0
349864,1406013.0
349865,163250.0
349866,150654.0
349867,2489.0
349868,5377.0
349869,96.0
349870,13346.0
349871,107498.0
349872,3791.0
349873,34503.0
349874,522322.0
349875,153091.0
349876,747680.0
349877,352395.0
349878,117510.0
349879,76491.0
349880,1070.0
349881,20999.0
349882,316025.0
349883,772144.0
349884,336618.0
349885,21706.0
349886,37867.0
349887,144.0
349888,23219.0
349889,3525.0
349890,104084.0
349891,163043.0
349892,14815.0
349893,3451.0
349894,819.0
349895,191082.0
349896,1043024.0
349897,106834.0
349898,3683.0
349899,31064.0
349900,152.72
349901,359.76
349902,117356.0
349903,212185.0
349904,146733.0
349905,343356.0
349906,447687.0
349907,15452.0
349908,11065.0
349909,19609.0
349910,1738.0
349911,1948.0
349912,85978.0
349913,23113.0
349914,784263.0
349915,3521.0
349916,386.0
349917,289.0
349918,32.0
349919,24.32
349920,1891.0
349921,1416.0
349922,102647.0
349923,11934.0
349924,1259.0
349925,4833.0
349926,1532.0
349927,1843.0
349928,2745.0
349929,30693.0
349930,1028767.0
349931,568014.0
349932,1904584.0
349933,706979.0
349934,34753.0
349935,26325.0
349936,1299.0
349937,43903.0
349938,93188.0
349939,157639.0
349940,269655.0
349941,88339.0
349942,378622.0
349943,389.0
349944,23575.0
349945,22097.0
349946,47.48
349947,33.14
349948,611.0
349949,128.0
349950,144400.0
349951,914924.0
349952,402466.0
349953,774335.0
349954,32082.0
349955,1191.0
349956,37418.0
349957,157749.0
349958,225.0
349959,72.0
349960,161.0
349961,265.0
349962,8375.0
349963,76795.0
349964,25291.0
349965,697062.0
349966,646123.0
349967,260617.0
349968,32344.0
349969,322.0
349970,7227.0
350191,1497.0
350192,27033.0
350193,297560.0
350194,29471.0
350195,16.0
350196,146242.0
350197,67735.0
350198,111941.0
350199,102631.0
350200,3542.0
350201,1851.0
350202,54997.0
350203,278979.0
350204,21963.0
350205,1948.0
350206,178790.0
350207,121619.0
350208,509841.0
350209,510745.0
350210,2336.0
350211,113226.0
350212,83468.0
350213,1215.0
350214,24232.0
350215,10949.0
350216,150512.0
350217,7489.0
350218,18666.0
350219,5530.0
350220,23602.0
350221,17177.0
350222,279966.0
350223,7397.0
350224,21960.0
350225,10440.0
350226,2471.0
350227,44817.0
350228,1400.0
350229,161.0
350230,16838.0
350231,7059.0
350232,18498.0
350233,1161552.0
350234,79909.0
350235,343100.0
350236,873416.0
350237,96036.0
350238,27109.0
350239,25985.0
350240,96.0
350241,48018.0
350242,88.0
350243,257.0
350244,2758978.0
350245,387272.0
350246,6568.0
350247,46158.0
350248,345449.0
350249,14377.0
350250,708.0
350251,36443.0
350252,1948.0
350253,1577.0
350254,21311.0
350255,185885.0
350256,6143.0
350257,143967.0
350258,25539.0
350259,6828.0
350260,198735.0
350261,14015.0
350262,194328.0
350263,138427.0
350264,118705.0
350265,132699.0
350266,98106.0
350267,1207.0
350268,15567.0
350269,11833.0
350270,87868.0
350271,9112.0
350272,56841.0
350273,73899.0
350274,151731.0
350275,118882.0
350276,27419.0
350277,8541.0
350278,60777.0
350279,95081.0
350280,38152.0
350281,5530.0
350282,92864.0
350283,100238.0
350284,184839.0
350285,10714.0
350286,193.0
350287,4058.0
350288,6528.0
350289,13443.0
350290,103711.0
350291,3133.0
350292,474.0
350293,18906.0
350294,6238.0
350295,4475.0
350296,79941.0
350297,296473.0
350298,32029.0
350299,1267808.0
350300,336103.0
350301,31444.0
350302,166586.0
350303,837.0
350304,2492067.0
350305,42705.0
350306,21871.0
350307,707973.0
350308,547057.0
350309,598213.0
350310,1047900.0
350311,113257.0
350312,117047.0
350313,2368.0
350314,6177.0
350315,128.0
350316,13942.0
350317,95896.0
350318,5102.0
350319,28802.0
350320,435765.0
350321,107766.0
350322,579352.0
350323,271600.0
350324,95376.0
350325,63958.0
350326,692.0
350327,14610.0
350328,265659.0
350329,729104.0
350330,322861.0
350331,15047.0
350332,25495.0
350333,128.0
350334,8380.0
350335,133704.0
350336,1320.0
350337,144.0
350338,77990.0
350339,12120.0
350340,4016.0
350341,1331.0
350342,168890.0
350343,883592.0
350344,4266.0
350345,30789.0
350346,193.0
350347,15488.0
350348,93611.0
350349,186893.0
350350,124966.0
350351,289550.0
350352,400939.0
350353,13891.0
350354,6968.0
350355,17967.0
350356,2055.0
350357,3083.0
350358,67217.0
350359,13652.0
350360,645653.0
350361,467450.0
350362,225.0
350363,257.0
350364,32.0
350365,1064.0
350366,1027.0
350367,80379.0
350368,11278.0
350369,1193.0
350370,4097.0
350371,1653.0
350372,465.0
350373,1682.0
350374,2439.0
350375,835124.0
350376,27864.0
350377,1225068.0
350378,365276.0
350379,27651.0
350380,12512.0
350381,1585.0
350382,24860.0
350383,49000.0
350384,86960.0
350385,203516.0
350386,79332.0
350387,8.0
350388,305840.0
350389,16349.0
350390,273.0
350391,48.0
350392,19344.0
350393,193.0
350394,257.0
350395,442.0
350396,48.0
350397,119160.0
350398,720534.0
350399,291620.0
350400,594331.0
350401,26365.0
350402,1432.0
350403,30974.0
350404,134829.0
350405,525252.0
350406,96.0
350407,225.0
350408,225.0
350409,4562.0
350410,50465.0
350411,17278.0
350412,313.0
350413,6409.0
350414,171967.0
350415,472853.0
350416,19733.0
350417,33479.0
350418,400194.0
350419,36997.0
350420,30.42
350421,173725.0
350422,84430.0
350423,222935.0
350424,229144.0
350425,2720.0
350426,1964.0
350427,62340.0
350428,368400.0
350429,26798.0
350430,1451231.0
350431,1771.0
350432,1899.0
350433,243634.0
350434,138051.0
350435,585676.0
350436,641588.0
350437,2237.0
350438,125671.0
350439,113294.0
350440,1239.0
350441,45303.0
350442,11984.0
350443,178175.0
350444,12456.0
350445,37118.0
350446,18846.0
350447,25961.0
350448,23390.0
350449,343195.0
350450,9426.0
350451,29672.0
350452,14200.0
350453,2189.0
350454,55140.0
350455,1030.0
350456,96.0
350457,15452.0
350458,5068.0
350459,8106.0
350460,5232.0
350461,94420.0
350462,378124.0
350463,1339059.0
350464,98950.0
350465,44648.0
350466,28505.0
350467,112.0
350468,62041.0
350469,161.0
350470,144.0
350471,3626172.0
350472,478979.0
350473,26312.0
350474,241928.0
350475,450610.0
350476,20358.0
350477,917.0
350478,43518.0
350479,4685.0
350480,2173.0
350481,22467.0
350482,218080.0
350483,7180.0
350484,188320.0
350485,44606.0
350486,9660.0
350487,216849.0
350488,1676.0
350489,80396.0
350490,177566.0
350491,162964.0
350492,184122.0
350493,2297.0
350494,20345.0
350495,15241.0
350496,148216.0
350497,6745.0
350498,91823.0
350499,195458.0
350500,143405.0
350501,64522.0
350502,18249.0
350503,122118.0
350504,9856.0
350505,66267.0
350506,141784.0
350507,66488.0
350508,5886.0
350509,127890.0
350510,145025.0
350511,216279.0
350512,14712.0
350513,96.0
350514,4245.0
350515,8721.0
350516,18919.0
350517,50230.0
350518,3514.0
350519,402.0
350520,20395.0
350521,7740.0
350522,5522.0
350523,104902.0
350524,344127.0
350525,38517.0
350526,1560215.0
350527,447272.0
350528,58560.0
350529,201436.0
350530,3125253.0
350531,102452.0
350532,70799.0
350533,924513.0
350534,683255.0
350535,733952.0
350536,1406013.0
350537,163250.0
350538,150654.0
350539,2489.0
350540,5377.0
350541,96.0
350542,13346.0
350543,107498.0
350544,3791.0
350545,34503.0
350546,522322.0
350547,153091.0
350548,747680.0
350549,352395.0
350550,117510.0
350551,76491.0
350552,1070.0
350553,20999.0
350554,316025.0
350555,772144.0
350556,336618.0
350557,21706.0
350558,37867.0
350559,144.0
350560,23219.0
350561,3525.0
350562,104084.0
350563,163043.0
350564,14815.0
350565,3451.0
350566,819.0
350567,191082.0
350568,1043024.0
350569,106834.0
350570,3683.0
350571,31064.0
350572,149.44
350573,245.38
350574,117356.0
350575,212185.0
350576,146733.0
350577,343356.0
350578,447687.0
350579,15452.0
350580,11065.0
350581,19609.0
350582,1738.0
350583,1948.0
350584,85978.0
350585,23113.0
350586,784263.0
350587,3521.0
350588,386.0
350589,289.0
350590,27.28
350591,24.32
350592,1891.0
350593,1416.0
350594,102647.0
350595,11934.0
350596,1259.0
350597,4833.0
350598,1532.0
350599,1843.0
350600,2745.0
350601,30693.0
350602,1028767.0
350603,568014.0
350604,1904584.0
350605,706979.0
350606,34753.0
350607,26325.0
350608,1299.0
350609,43903.0
350610,93188.0
350611,157639.0
350612,269655.0
350613,88339.0
350614,378622.0
350615,389.0
350616,23575.0
350617,22097.0
350618,82.78
350619,44.8
350620,611.0
350621,128.0
350622,144400.0
350623,914924.0
350624,402466.0
350625,774335.0
350626,32082.0
350627,1191.0
350628,37418.0
350629,157749.0
350630,225.0
350631,72.0
350632,161.0
350633,265.0
350634,8375.0
350635,76795.0
350636,25291.0
350637,697062.0
350638,646123.0
350639,260617.0
350640,32344.0
350641,322.0
350642,7227.0
350643,134799.74
350644,69702.92
350645,2344.9
350646,2221.68
350647,19112.54
350648,305026.06
350649,34363.78
350650,85674.78
350651,77312.14
350652,85862.68
350653,79907.0
350654,3410.84
350655,1924.64
350656,96508.74
350657,81875.14
350658,404521.96
350659,440506.8
350660,1979.98
350661,83582.54
350662,65115.4
350663,1388.96
350664,20818.78
350665,7938.34
350666,97626.44
350667,7015.38
350668,24707.04
350669,72495.68
350670,280732.92
350671,214420.26
350672,10471.5
350673,22799.1
350674,9981.56
350675,3200.32
350676,42379.7
350677,1381.58
350678,179.78
350679,11380.94
350680,5513.18
350681,16487.64
350682,6801.44
350683,77852.34
350684,297163.7
350685,669985.88
350686,87770.36
350687,36393.06
350688,19732.22
350689,8673.16
350690,39154.48
350691,179.18
350692,224.98
350693,2779028.84
350694,300250.18
350695,8393.08
350696,1143491.16
350697,25306.92
350698,55242.6
350699,15140.56
350700,1050.26
350701,32052.52
350702,2316.98
350703,1734.86
350704,16752.86
350705,91048.7
350706,6849.28
350707,120728.6
350708,14338.32
350709,6370.22
350710,176802.64
350711,16040.56
350712,283184.24
350713,109561.84
350714,105515.14
350715,89168.08
350716,1589.58
350717,15396.74
350718,11766.68
350719,86531.8
350720,8671.9
350721,39602.88
350722,84886.08
350723,93110.1
350724,86972.0
350725,19444.82
350726,412.38
350727,71935.24
350728,35087.26
350729,6684.38
350730,85994.7
350731,87889.92
350732,146966.2
350733,10013.72
350734,294.48
350735,2423.36
350736,5659.64
350737,12973.62
350738,26842.66
350739,2269.98
350740,8500.98
350741,14374.22
350742,6422.9
350743,5219.48
350744,69533.68
350745,289035.98
350746,29592.2
350747,1127161.4
350748,324114.58
350749,32579.7
350750,138254.5
350751,964.06
350752,143665.24
350753,1650546.84
350754,58572.44
350755,552797.88
350756,519648.46
350757,530219.08
350758,1251441.92
350759,122084.0
350760,81150.34
350761,2327.4
350762,9020.52
350763,215.46
350764,12132.9
350765,74419.9
350766,4052.26
350767,73471.84
350768,411091.88
350769,87678.56
350770,472601.44
350771,297678.36
350772,86819.12
350773,73532.5
350774,984.36
350775,15429.78
350776,269159.4
350777,494308.02
350778,284397.72
350779,20158.8
350780,21037.64
350781,73701.6
350782,16450.44
350783,97492.94
350784,2877.54
350785,75690.72
350786,10741.52
350787,2598.08
350788,1545.94
350789,129098.72
350790,589634.28
350791,90149.92
350792,2771.44
350793,26663.38
350794,214.42
350795,11207.52
350796,146066.84
350797,89102.88
350798,308992.36
350799,309703.84
350800,10617.52
350801,8859.4
350802,12815.72
350803,1605.72
350804,4375.78
350805,78002.54
350806,16624.66
350807,476383.38
350808,30351.44
350809,1007237.08
350810,460.88
350811,2166.82
350812,1668.94
350813,70605.68
350814,8706.34
350815,1311.14
350816,3823.54
350817,1323.4
350818,669.6
350819,2433.98
350820,4070.5
350821,576929.68
350822,415706.92
350823,17482.66
350824,297029.68
350825,25145.2
350826,14846.86
350827,1793.16
350828,24472.94
350829,53627.76
350830,73250.58
350831,229944.6
350832,73365.96
350833,149.6
350834,315055.74
350835,20268.98
350836,17106.82
350837,131.9
350838,327.26
350839,18456.04
350840,558.16
350841,52.06
350842,92866.64
350843,543698.32
350844,296149.28
350845,474087.9
350846,18701.84
350847,2752.9
350848,20572.26
350849,402705.24
350850,87080.34
350851,220557.08
350852,386324.12
350853,422.16
350854,143.1
350855,219.3
350856,192.26
350857,6048.08
350858,43245.38
350859,17961.9
350860,14748.1
350861,443.88
350862,6223.02
350863,33479.0
350864,400194.0
350865,36997.0
350866,25.42
350867,173725.0
350868,84430.0
350869,222935.0
350870,229144.0
350871,2720.0
350872,1964.0
350873,62340.0
350874,368400.0
350875,26798.0
350876,1451231.0
350877,1771.0
350878,1899.0
350879,243634.0
350880,138051.0
350881,585676.0
350882,641588.0
350883,2237.0
350884,125671.0
350885,113294.0
350886,1239.0
350887,45303.0
350888,11984.0
350889,178175.0
350890,12456.0
350891,37118.0
350892,18846.0
350893,25961.0
350894,23390.0
350895,343195.0
350896,9426.0
350897,29672.0
350898,14200.0
350899,2189.0
350900,55140.0
350901,1030.0
350902,96.0
350903,15452.0
350904,5068.0
350905,8106.0
350906,5232.0
350907,94420.0
350908,378124.0
350909,1339059.0
350910,98950.0
350911,44648.0
350912,28505.0
350913,112.0
350914,62041.0
350915,161.0
350916,144.0
350917,3626172.0
350918,478979.0
350919,26312.0
350920,241928.0
350921,450610.0
350922,20358.0
350923,917.0
350924,43518.0
350925,4685.0
350926,2173.0
350927,22467.0
350928,218080.0
350929,7180.0
350930,188320.0
350931,44606.0
350932,9660.0
350933,216849.0
350934,1676.0
350935,80396.0
350936,177566.0
350937,162964.0
350938,184122.0
350939,2297.0
350940,20345.0
350941,15241.0
350942,148216.0
350943,6745.0
350944,91823.0
350945,195458.0
350946,143405.0
350947,64522.0
350948,18249.0
350949,122118.0
350950,9856.0
350951,66267.0
350952,141784.0
350953,66488.0
350954,5886.0
350955,127890.0
350956,145025.0
350957,216279.0
350958,14712.0
350959,96.0
350960,4245.0
350961,8721.0
350962,18919.0
350963,50230.0
350964,3514.0
350965,402.0
350966,20395.0
350967,7740.0
350968,5522.0
350969,104902.0
350970,344127.0
350971,38517.0
350972,1560215.0
350973,447272.0
350974,58560.0
350975,201436.0
350976,3125253.0
350977,102452.0
350978,70799.0
350979,924513.0
350980,683255.0
350981,733952.0
350982,1406013.0
350983,163250.0
350984,150654.0
350985,2489.0
350986,5377.0
350987,96.0
350988,13346.0
350989,107498.0
350990,3791.0
350991,34503.0
350992,522322.0
350993,153091.0
350994,747680.0
350995,352395.0
350996,117510.0
350997,76491.0
350998,1070.0
350999,20999.0
351000,316025.0
351001,772144.0
351002,336618.0
351003,21706.0
351004,37867.0
351005,144.0
351006,23219.0
351007,3525.0
351008,104084.0
351009,163043.0
351010,14815.0
351011,3451.0
351012,819.0
351013,191082.0
351014,1043024.0
351015,106834.0
351016,3683.0
351017,31064.0
351018,113.92
351019,205.46
351020,117356.0
351021,212185.0
351022,146733.0
351023,343356.0
351024,447687.0
351025,15452.0
351026,11065.0
351027,19609.0
351028,1738.0
351029,1948.0
351030,85978.0
351031,23113.0
351032,784263.0
351033,3521.0
351034,386.0
351035,289.0
351036,25.46
351037,24.32
351038,1891.0
351039,1416.0
351040,102647.0
351041,11934.0
351042,1259.0
351043,4833.0
351044,1532.0
351045,1843.0
351046,2745.0
351047,30693.0
351048,1028767.0
351049,568014.0
351050,1904584.0
351051,706979.0
351052,34753.0
351053,26325.0
351054,1299.0
351055,43903.0
351056,93188.0
351057,157639.0
351058,269655.0
351059,88339.0
351060,378622.0
351061,389.0
351062,23575.0
351063,22097.0
351064,113.34
351065,75.8
351066,611.0
351067,128.0
351068,144400.0
351069,914924.0
351070,402466.0
351071,774335.0
351072,32082.0
351073,1191.0
351074,37418.0
351075,157749.0
351076,225.0
351077,72.0
351078,161.0
351079,265.0
351080,8375.0
351081,76795.0
351082,25291.0
351083,697062.0
351084,646123.0
351085,260617.0
351086,32344.0
351087,322.0
351088,7227.0
351089,138999.72
351090,58564.0
351091,2407.58
351092,1911.72
351093,21605.3
351094,226938.12
351095,25141.72
351096,102495.22
351097,90492.3
351098,72425.24
351099,79332.08
351100,3918.06
351101,1612.58
351102,106616.66
351103,73626.02
351104,346604.82
351105,402357.64
351106,2333.36
351107,96759.48
351108,70784.28
351109,1298.68
351110,24349.86
351111,9462.98
351112,102789.14
351113,7779.58
351114,27089.62
351115,70182.24
351116,272796.54
351117,186389.48
351118,9080.12
351119,24045.32
351120,10414.26
351121,2801.36
351122,42797.52
351123,1512.76
351124,233.52
351125,14600.04
351126,6539.62
351127,16987.18
351128,6499.32
351129,73430.68
351130,224091.76
351131,741952.04
351132,66331.36
351133,26583.74
351134,22486.52
351135,11065.88
351136,43941.3
351137,176.08
351138,216.66
351139,2770525.32
351140,274315.48
351141,7286.48
351142,949993.16
351143,25209.08
351144,52065.7
351145,12478.36
351146,1183.54
351147,24097.74
351148,2300.82
351149,1222.72
351150,15007.62
351151,92787.7
351152,6668.26
351153,95582.24
351154,17529.76
351155,6320.26
351156,143230.6
351157,15939.4
351158,227849.96
351159,104719.02
351160,107481.5
351161,61540.46
351162,1211.56
351163,15612.76
351164,12800.46
351165,72349.04
351166,10396.22
351167,42346.36
351168,63772.66
351169,95550.78
351170,86863.4
351171,24697.42
351172,454.52
351173,69998.9
351174,29556.62
351175,5824.96
351176,84950.28
351177,79939.6
351178,127535.46
351179,10420.3
351180,188.8
351181,2557.26
351182,6109.32
351183,12875.78
351184,26028.92
351185,1992.86
351186,8349.54
351187,17216.02
351188,6097.96
351189,5487.48
351190,65960.8
351191,222039.56
351192,28700.42
351193,796936.48
351194,238432.7
351195,28036.76
351196,143579.58
351197,923.18
351198,126394.54
351199,1793320.48
351200,39126.74
351201,618219.82
351202,503429.52
351203,537750.96
351204,1039514.64
351205,111298.44
351206,94188.18
351207,2480.54
351208,6735.2
351209,198.82
351210,12215.68
351211,73347.94
351212,4815.66
351213,51758.98
351214,323649.22
351215,86281.0
351216,474690.64
351217,206250.6
351218,79309.56
351219,71192.62
351220,1039.96
351221,13875.06
351222,248374.14
351223,549471.12
351224,219501.02
351225,16726.34
351226,23456.84
351227,68966.5
351228,18005.4
351229,97429.84
351230,1953.76
351231,74041.56
351232,12135.38
351233,3370.94
351234,955.16
351235,114874.28
351236,572978.08
351237,82104.0
351238,3337.34
351239,22900.26
351240,178.06
351241,9574.42
351242,127032.4
351243,91128.5
351244,210708.96
351245,255201.52
351246,14563.62
351247,7566.28
351248,12284.6
351249,1583.72
351250,2941.08
351251,70512.12
351252,16200.86
351253,498342.04
351254,27489.22
351255,1020859.94
351256,390.24
351257,1484.54
351258,1382.78
351259,75282.72
351260,10465.26
351261,1207.78
351262,4154.98
351263,1380.24
351264,579.46
351265,1786.06
351266,2997.86
351267,625258.6
351268,335680.86
351269,21729.82
351270,324329.74
351271,25744.88
351272,13239.4
351273,1569.14
351274,25922.5
351275,51445.3
351276,77262.54
351277,175635.52
351278,68954.34
351279,80.22
351280,217378.46
351281,15592.48
351282,16236.48
351283,88.08
351284,268.08
351285,19020.22
351286,606.56
351287,72.74
351288,99410.82
351289,529474.06
351290,228612.74
351291,478834.9
351292,22639.76
351293,1983.62
351294,21968.04
351295,393844.72
351296,108659.72
351297,213957.5
351298,423478.3
351299,283.56
351300,140.44
351301,226.36
351302,192.1
351303,5044.62
351304,46738.32
351305,19644.24
351306,17097.12
351307,519.08
351308,6329.88
351309,100922.98
351310,52070.52
351311,2142.04
351312,1931.7
351313,20758.84
351314,178180.54
351315,22003.52
351316,109725.64
351317,78498.02
351318,63842.24
351319,68828.52
351320,4105.52
351321,1637.52
351322,87855.64
351323,67590.52
351324,299761.82
351325,301746.12
351326,2094.98
351327,92547.64
351328,70272.56
351329,1414.98
351330,21465.1
351331,8908.18
351332,94367.16
351333,7911.96
351334,18391.32
351335,53394.0
351336,229636.64
351337,171201.4
351338,9407.04
351339,22001.2
351340,10201.32
351341,2498.58
351342,35561.16
351343,1582.08
351344,178.38
351345,9527.92
351346,5039.3
351347,15067.76
351348,5236.22
351349,64394.8
351350,184189.4
351351,719022.32
351352,61401.36
351353,26710.16
351354,18223.16
351355,9560.9
351356,45894.02
351357,157.38
351358,171.4
351359,2408062.7
351360,219340.48
351361,7417.78
351362,852209.02
351363,20605.7
351364,52782.66
351365,12769.24
351366,1070.54
351367,30504.04
351368,3167.76
351369,1650.22
351370,16537.1
351371,94107.1
351372,6051.9
351373,70816.52
351374,26936.04
351375,7108.28
351376,102025.38
351377,14150.24
351378,194508.54
351379,87179.2
351380,80749.56
351381,49742.9
351382,1334.68
351383,13450.78
351384,10892.64
351385,60555.62
351386,7287.12
351387,37052.28
351388,53160.18
351389,93630.02
351390,83256.14
351391,18353.04
351392,380.12
351393,44984.04
351394,27719.84
351395,5923.86
351396,72845.98
351397,65736.32
351398,112855.38
351399,10053.14
351400,172.6
351401,3664.18
351402,7136.12
351403,11886.32
351404,29802.58
351405,2629.34
351406,7698.76
351407,13318.34
351408,6298.62
351409,4858.18
351410,59051.74
351411,186826.98
351412,20449.18
351413,646464.72
351414,187874.84
351415,30305.86
351416,117580.14
351417,1140.08
351418,100822.98
351419,1727967.92
351420,43307.8
351421,592182.6
351422,423430.44
351423,445718.22
351424,916667.2
351425,88747.52
351426,77741.94
351427,2594.1
351428,5348.12
351429,158.1
351430,10196.96
351431,67514.34
351432,3740.74
351433,39363.12
351434,253385.38
351435,71225.2
351436,326016.86
351437,190347.2
351438,73223.98
351439,59436.68
351440,893.54
351441,12679.96
351442,197271.64
351443,376932.28
351444,204556.52
351445,13446.4
351446,22033.92
351447,68855.44
351448,13494.74
351449,75948.74
351450,2084.7
351451,59268.32
351452,10063.62
351453,2882.28
351454,1220.82
351455,91824.74
351456,529333.86
351457,88326.48
351458,2934.3
351459,19692.14
351460,159.1
351461,9067.66
351462,102588.38
351463,67646.28
351464,196256.38
351465,193032.74
351466,10287.68
351467,7420.1
351468,12382.28
351469,1709.28
351470,3028.82
351471,71535.2
351472,12179.18
351473,449913.58
351474,23010.94
351475,1025502.54
351476,342.26
351477,1602.7
351478,1347.74
351479,60378.52
351480,9918.96
351481,1132.58
351482,5198.44
351483,1454.56
351484,822.54
351485,2197.56
351486,3083.34
351487,603187.64
351488,261071.44
351489,21032.24
351490,207992.44
351491,17641.56
351492,14225.72
351493,1581.48
351494,21037.84
351495,47088.36
351496,59900.74
351497,143519.26
351498,59248.48
351499,80.52
351500,189099.84
351501,13399.02
351502,13470.28
351503,125.14
351504,318.2
351505,16053.4
351506,530.82
351507,137.46
351508,80779.88
351509,438773.12
351510,180458.16
351511,386485.02
351512,20070.58
351513,1815.72
351514,23555.2
351515,328595.6
351516,91211.5
351517,162544.92
351518,369534.5
351519,321.74
351520,146.6
351521,170.14
351522,222.4
351523,5749.26
351524,44873.5
351525,17913.72
351526,12665.5
351527,447.44
351528,6570.26
